{
  "check jmeter variable for collection id" : {
    "transaction" : "check jmeter variable for collection id",
    "sampleCount" : 200,
    "errorCount" : 0,
    "errorPct" : 0.0,
    "meanResTime" : 0.18999999999999995,
    "medianResTime" : 0.0,
    "minResTime" : 0.0,
    "maxResTime" : 16.0,
    "pct1ResTime" : 1.0,
    "pct2ResTime" : 1.0,
    "pct3ResTime" : 1.990000000000009,
    "throughput" : 6.816400259023211,
    "receivedKBytesPerSec" : 2.060296918135033,
    "sentKBytesPerSec" : 0.0
  },
  "Create Collection" : {
    "transaction" : "Create Collection",
    "sampleCount" : 200,
    "errorCount" : 3,
    "errorPct" : 1.5,
    "meanResTime" : 6.005000000000001,
    "medianResTime" : 3.0,
    "minResTime" : 2.0,
    "maxResTime" : 160.0,
    "pct1ResTime" : 8.0,
    "pct2ResTime" : 11.0,
    "pct3ResTime" : 102.90000000000009,
    "throughput" : 6.7572133252246775,
    "receivedKBytesPerSec" : 1.990507435046287,
    "sentKBytesPerSec" : 1.5771230319616192
  },
  "Total" : {
    "transaction" : "Total",
    "sampleCount" : 1000,
    "errorCount" : 12,
    "errorPct" : 1.2,
    "meanResTime" : 3.2289999999999983,
    "medianResTime" : 3.0,
    "minResTime" : 0.0,
    "maxResTime" : 160.0,
    "pct1ResTime" : 5.899999999999977,
    "pct2ResTime" : 8.0,
    "pct3ResTime" : 14.990000000000009,
    "throughput" : 33.77693710734311,
    "receivedKBytesPerSec" : 9.311153672397486,
    "sentKBytesPerSec" : 5.553832257397149
  },
  "Read Collection" : {
    "transaction" : "Read Collection",
    "sampleCount" : 200,
    "errorCount" : 3,
    "errorPct" : 1.5,
    "meanResTime" : 2.78,
    "medianResTime" : 2.0,
    "minResTime" : 1.0,
    "maxResTime" : 21.0,
    "pct1ResTime" : 5.0,
    "pct2ResTime" : 8.0,
    "pct3ResTime" : 11.990000000000009,
    "throughput" : 6.816400259023211,
    "receivedKBytesPerSec" : 2.00065341586858,
    "sentKBytesPerSec" : 0.8850336879281551
  },
  "Update Collection" : {
    "transaction" : "Update Collection",
    "sampleCount" : 200,
    "errorCount" : 3,
    "errorPct" : 1.5,
    "meanResTime" : 3.51,
    "medianResTime" : 3.0,
    "minResTime" : 1.0,
    "maxResTime" : 22.0,
    "pct1ResTime" : 5.900000000000006,
    "pct2ResTime" : 7.0,
    "pct3ResTime" : 16.970000000000027,
    "throughput" : 6.820119352088661,
    "receivedKBytesPerSec" : 2.0478673806479115,
    "sentKBytesPerSec" : 1.658108216112532
  },
  "Delete Collection" : {
    "transaction" : "Delete Collection",
    "sampleCount" : 200,
    "errorCount" : 3,
    "errorPct" : 1.5,
    "meanResTime" : 3.660000000000001,
    "medianResTime" : 3.0,
    "minResTime" : 2.0,
    "maxResTime" : 10.0,
    "pct1ResTime" : 5.900000000000006,
    "pct2ResTime" : 7.0,
    "pct3ResTime" : 8.0,
    "throughput" : 6.820584524093714,
    "receivedKBytesPerSec" : 1.280391565494663,
    "sentKBytesPerSec" : 1.4717209507042253
  }
}