{
  "check jmeter variable for collection id" : {
    "transaction" : "check jmeter variable for collection id",
    "sampleCount" : 100,
    "errorCount" : 0,
    "errorPct" : 0.0,
    "meanResTime" : 0.33000000000000007,
    "medianResTime" : 0.0,
    "minResTime" : 0.0,
    "maxResTime" : 18.0,
    "pct1ResTime" : 1.0,
    "pct2ResTime" : 1.0,
    "pct3ResTime" : 17.85999999999993,
    "throughput" : 10.531858873091101,
    "receivedKBytesPerSec" : 3.0053852356503423,
    "sentKBytesPerSec" : 0.0
  },
  "Create Collection" : {
    "transaction" : "Create Collection",
    "sampleCount" : 100,
    "errorCount" : 4,
    "errorPct" : 4.0,
    "meanResTime" : 8.160000000000004,
    "medianResTime" : 4.0,
    "minResTime" : 1.0,
    "maxResTime" : 82.0,
    "pct1ResTime" : 10.0,
    "pct2ResTime" : 25.29999999999984,
    "pct3ResTime" : 81.93999999999997,
    "throughput" : 10.326311441553077,
    "receivedKBytesPerSec" : 3.0623967368855847,
    "sentKBytesPerSec" : 2.410144955596861
  },
  "Total" : {
    "transaction" : "Total",
    "sampleCount" : 500,
    "errorCount" : 16,
    "errorPct" : 3.2,
    "meanResTime" : 4.087999999999999,
    "medianResTime" : 3.0,
    "minResTime" : 0.0,
    "maxResTime" : 82.0,
    "pct1ResTime" : 7.0,
    "pct2ResTime" : 9.0,
    "pct3ResTime" : 53.97000000000003,
    "throughput" : 51.57297576070139,
    "receivedKBytesPerSec" : 14.086775560856111,
    "sentKBytesPerSec" : 8.506720603403815
  },
  "Read Collection" : {
    "transaction" : "Read Collection",
    "sampleCount" : 100,
    "errorCount" : 4,
    "errorPct" : 4.0,
    "meanResTime" : 4.909999999999999,
    "medianResTime" : 3.0,
    "minResTime" : 1.0,
    "maxResTime" : 54.0,
    "pct1ResTime" : 7.0,
    "pct2ResTime" : 10.899999999999977,
    "pct3ResTime" : 53.969999999999985,
    "throughput" : 10.534077741493732,
    "receivedKBytesPerSec" : 3.0939738491520066,
    "sentKBytesPerSec" : 1.376836879806173
  },
  "Update Collection" : {
    "transaction" : "Update Collection",
    "sampleCount" : 100,
    "errorCount" : 4,
    "errorPct" : 4.0,
    "meanResTime" : 3.5699999999999994,
    "medianResTime" : 3.0,
    "minResTime" : 1.0,
    "maxResTime" : 9.0,
    "pct1ResTime" : 6.0,
    "pct2ResTime" : 7.0,
    "pct3ResTime" : 8.989999999999995,
    "throughput" : 10.561892691170257,
    "receivedKBytesPerSec" : 3.172280972750317,
    "sentKBytesPerSec" : 2.5769367870722433
  },
  "Delete Collection" : {
    "transaction" : "Delete Collection",
    "sampleCount" : 100,
    "errorCount" : 4,
    "errorPct" : 4.0,
    "meanResTime" : 3.47,
    "medianResTime" : 3.0,
    "minResTime" : 1.0,
    "maxResTime" : 16.0,
    "pct1ResTime" : 5.900000000000006,
    "pct2ResTime" : 7.0,
    "pct3ResTime" : 15.929999999999964,
    "throughput" : 10.563008344776593,
    "receivedKBytesPerSec" : 2.0040832629132774,
    "sentKBytesPerSec" : 2.2883767296926165
  }
}